Id,Lang,Sentence_Text,Letters,Words,Num_Sentences,gulpease,flesch,gunning_fog
1,it,La statua è stata realizzata nel 1998 dallo scultore Luigi Mattei.,51,11,1,69.91,193.76,11.67
2,it,In questa nicchia è esposta la macchina fotografica che appartenne all’avvocato astigiano Secondo Pia con la quale scattò il 25 e il 28 maggio 1998 le prime fotografie della Sìndone.,143,30,1,51.33,174.7,22.67
3,it,Si tratta di un apparecchio appositamente costruito per il Pia da un artigiano torinese al fine di eseguire fotografie di grande formato.,115,22,1,50.36,182.58,23.35
4,it,"Fotografia dell'altare della Sìndone in Duomo durante l'ostensione del 1998, fotografia effettuata da Secondo Pia.",92,15,1,47.67,189.35,27.33
5,it,Ingrandimento del volto in negativo fotografico.,42,6,1,69.0,198.05,22.4
6,it,In questa nicchia sono esposte alcune realizzazioni di artisti ispirate al volto dell’Uomo della Sìndone.,89,15,1,49.67,189.48,22.0
7,it,Si tratta di opere prodotte a partire dal 1931 sino ai giorni nostri.,52,13,1,72.08,191.9,11.35
8,it,"Al centro la suggestiva opera “Resurrezione” del giovane artista contemporaneo polacco Bartosz Keska di Zakopane, che coglie il momento del ritorno alla vita di Cristo, espresso dalla sagoma fortemente luminosa che si anima al di sotto del telo sindonico.",212,39,1,42.33,165.55,28.93
9,it,"La pubblicazione dei risultati della fotografie del Pia provocò un rinnovato interesse nei confronti della Sìndone, ma anche molte polemiche.",120,20,1,44.0,184.41,26.0
10,it,La Sìndone presenta due tipi di impronte: ematiche e corpòree.,51,10,1,68.0,194.63,24.0
11,it,"Riproduzione di un casco di rami spinosi, che rimane l'ipotesi più accreditata della corona di Spine del racconto.",94,18,1,53.44,186.52,22.76
12,it,Si può riconoscere la frattura del naso e un ematoma allo zigomo destro.,59,13,1,66.69,191.7,17.51
13,it,"Sulla fronte sono evidenti delle colature di sangue provocate da un casco di rami spinosi, come quello esposto a fianco.",99,20,1,54.5,184.67,16.0
14,it,"Secondo Pia, nato nel 1855 e morto nel 1941, fu uno dei più grandi fotografi dell’800.",56,16,1,72.75,188.98,11.4
15,it,In questa vetrina sono documentate le operazioni per la conservazione della Sìndone compiute nel giugno-luglio 2002.,95,16,1,48.38,188.38,23.9
16,it,Sul polso sinistro è visibile una colatura di sangue fuoriuscito da una ferita provocata dalla penetrazione di un chiodo.,102,19,1,51.11,185.53,22.34
17,it,"A fianco sono esposti tre chiodi settecenteschi ricostruiti a imitazione di quelli che in epoca romana venivano usati per le crocifissioni, forgiati includendo probabilmente alcuni frammenti di chiodi ritenuti originali, come dimostrano i sigilli pendenti.",219,35,1,35.0,169.35,32.29
18,it,Operazioni di conservazione anni 2000.,29,5,1,91.0,199.31,18.0
19,it,"Il 21 aprile 1988 vennero prelevati dalla Sìndone dei campioni di tessuto per essere sottoposti alla datazione con il metodo del radiocarbonio presso i laboratori di Oxford, Zurigo e Tucson.",153,30,1,48.0,174.53,29.33
20,it,Sono rappresentati gli  studi dell’immagine della Sìndone con l’ausilio del computer.,71,11,1,51.73,193.35,22.58
21,it,In questa vetrina è illustrato lo studio delle varie tracce presenti sulla Sìndone.,70,13,1,58.23,191.6,17.51
22,it," Alcuni segni sono dovuti a bruciature, cera e acqua.",42,9,1,75.67,195.56,16.93
23,it,"Altre tracce derivano dal contatto del lenzuolo con il corpo, come sangue, siero e cellule epiteliali.",84,16,1,55.25,188.62,18.9
24,it,"Sono inoltre analizzate le sostanze conservative utilizzate, tra cui aloe e mirra.",69,12,1,56.5,192.54,18.13
25,it,"Infine, viene esaminata la polvere che si è depositata sul tessuto nel corso dei secoli.",72,15,1,61.0,189.61,22.0
26,it,Ricostruzione di un telaio dell'epoca.,32,5,1,85.0,199.18,26.0
27,it,"Ricostruzione in scala di un sepolcro giudaico del I secolo, che ha per sfondo una pianta della basilica del Santo Sepolcro di Gerusalemme in epoca crociata.",130,26,1,50.54,178.68,22.71
28,it,Beato Sebastiano Valfrè.,21,3,1,119.0,201.27,14.53
29,it,San Francesco di Sales.,19,4,1,116.5,200.86,11.6
30,it,Papa Pio Ottavo.,13,3,1,145.67,201.7,14.53
31,it,"In questa vetrina può vedere alcuni frammenti delle stoffe che nel tempo hanno protetto la Sìndone all’interno della cassetta in cui era conservata, distribuiti come reliquia “da contatto” e corredati da autentica che ne testimonia l’effettivo contatto con la Sìndone.",223,40,1,40.75,164.52,34.0
32,it,"Anche alcuni oggetti venuti in contatto con il Lenzuolo, come uno degli spilli serviti per fermare la Sìndone durante l’ostensione del 1868 qui esposto, venivano conservati religiosamente e tramandati.",165,29,1,42.45,175.45,30.91
33,it,Copia su tela in formato uno ad uno della Sìndone: sono apprezzabili i particolari in modo molto prossimo all’osservazione diretta.,109,20,1,49.5,184.47,22.0
34,it,"Nella ricostruzione della storia della Sìndone, risultano per il momento ipotetici i passaggi da Gerusalemme a Edessa, oggi Sanliurfa in Turchia, e di qui a Costantinopoli e ad Atene in Grecia durante il periodo dell’Impero latino d’Oriente. ",199,37,1,43.32,167.52,29.94
35,it,"Mentre sono documentati con precisione quelli da Lirey, in  Francia, a Chambéry, in Savoia, e a Torino.",81,17,1,59.0,187.66,18.56
36,it,Nelle vetrine seguenti potrà seguire lo sviluppo di questi percorsi.,58,10,1,61.0,194.5,24.0
37,it,Due reliquiari settecenteschi contenenti un piccolo filo di Sìndone insieme ad altri contenenti stoffe venute a contatto con il sacro Telo.,118,21,1,47.1,183.48,25.54
38,it,"Nel 1506 il papa Giulio II concesse il culto pubblico della Sìndone, fissandone la memoria il 4 maggio e approvandone la messa e l’ufficio il cui testo in edizione seicentesca è esposto in questa vetrina.",162,35,1,51.29,169.74,25.43
39,it,"Nel 1453 l’ultima discendente di Geoffroy de Charny, Marguerite, cede la Sìndone ai Savoia.",70,14,1,60.43,190.65,19.89
40,it,"Relativamente al periodo più antico della storia della Sìndone, un’ipotesi che ancora oggi si sta studiando, identifica la Sìndone di Torino con il Mandylion di Edessa, un piccolo telo conosciuto sin dal IV secolo in Oriente contenente l’immagine, ritenuta impressa miracolosamente, del volto di Cristo.",251,45,1,39.89,159.48,34.89
41,it,Uno dei problemi storici su cui si incentra la ricerca riguarda le possibili vicende della Sìndone nel primo millennio.,100,19,1,52.16,185.63,26.55
42,it,"Se la Sìndone può essere identificata con il Mandylion di Edessa, allora essa sarebbe stata trasferita a Costantinopoli nel 944, e di qui, attraverso strade non chiarite, sarebbe giunta in Europa.",158,31,1,47.71,173.6,27.88
43,it,In questa vetrina sono esposti alcuni oggetti e documenti che potrebbero sostenere questa tesi.,81,14,1,52.57,190.42,22.74
44,it,"Nel 1578 Emanuele Filiberto di Savoia, dopo avere spostato il centro politico e amministrativo dello Stato da Chambéry a Torino, volle anche portare il palladio religioso della dinastia, la Sìndone.",161,30,1,45.33,174.48,29.33
45,it,"Il Telo compì il viaggio ripiegato più volte, dentro questa piccola cassa di legno, che anticamente doveva essere ricoperta di scaglie preziose, forse madreperla e tartaruga.",145,26,1,44.77,178.5,24.25
46,it,"Con la concessione del culto ufficiale della Sìndone da parte del papa Giulio II nel 1506, che ne fissò la festa il giorno 4 di maggio, la notorietà e la devozione verso la reliquia crebbero, anche in conseguenza delle ostensioni periodiche celebrate a Chambéry.",210,44,1,48.09,160.71,28.51
47,it,Il 600 e il 700 sono i secoli nei quali maggiormente si sviluppa la devozione alla Sìndone.,68,17,1,66.65,187.78,18.56
48,it,Numerose sono le raffigurazioni che vengono fatte prodotte e fatte circolare.,66,11,1,56.27,193.29,22.58
49,it,"Nel 1735 terminava la costruzione della chiesa della Confratèrnita del Santissimo Sudario, sovrastante questa cripta.",97,15,1,44.33,189.35,22.0
50,it,Tra il 500 e il 600 sono stati scritti e pubblicati più di 100 testi interamente dedicati o che comunque trattano della Sìndone.,96,23,1,60.3,181.76,19.63
51,it,Dalla seconda metà del 700 le ostensioni iniziano a rarefarsi.,49,10,1,70.0,194.63,20.0
52,it,"Nell'800, dopo il regno di Carlo Felice, le ostensioni diventano ancora più rare, e solo per matrimoni dinastici.",88,18,1,56.78,186.59,20.53
53,it,La Sìndone non è l’unica immagine di Cristo ad essere stata oggetto di devozione in Europa a partire dal Medioevo.,93,20,1,57.5,184.63,26.0
54,it,"Dalla Veronica, al Mandylion, alla Sìndone di Besançon, nei secoli sono ricordate altre venerate immagini ritenute di Cristo.",104,18,1,47.89,186.27,27.2
55,it,"Di tutte, l’unica che ha resistito al vaglio della critica per le sue particolari caratteristiche, è la Sìndone di Torino.",99,20,1,54.5,184.6,22.0
56,it,In questa vetrina può ammirare una bellissima raffigurazione della deposizione dalla croce con l’ostensione della Sìndone.,105,16,1,42.12,188.25,23.9
57,it,Ai lati in monocromo le insegne della Passione presentate da angeli.,57,11,1,64.45,193.52,22.58
58,it,Si tratta di un’opera dell’inizio del 600 dipinta su seta da Giovanni Battista Della Rovere.,72,15,1,61.0,189.66,22.0
59,it,"L’iconografia della sepoltura nella Sìndone, di cui ha già visto un ingrandimento.",68,12,1,57.33,192.48,18.13
60,it,"Lo scopo della Confratèrnita, ideatrice del Museo, è sin dalle origini quello di diffondere il culto e la conoscenza della Sìndone.",108,21,1,51.86,183.64,19.83
61,it,"Nella teca di vetro può osservare la preziosa cassa di legno, rivestita con lamina d’argento e tempestata di pietre dure e smalti, in cui è stata conservata, arrotolata, la Sìndone dalla fine del XVI secolo sino al 1998.",173,38,1,51.37,166.7,25.73
62,it,Il coperchio è in legno ricoperto di tessuto.,37,8,1,80.25,196.7,18.2
63,it,"Si tratta di preziosa opera di committenza sabauda, che nel tempo ha subito alcune integrazioni e modifiche che tuttavia non hanno alterato la sua impostazione originale.",143,26,1,45.54,178.5,27.32
64,it,"Sotto alla teca sono esposti gli accessori che servivano alla conservazione della Sìndone all’interno della cassetta, eliminati al momento in cui si è adottato il nuovo sistema di conservazione.",163,29,1,43.14,175.48,26.77
65,it,Sono visibili il rullo in legno rivestito di seta su cui veniva arrotolato il lenzuolo e cuscinetti che venivano inseriti tra il rullo e il tessuto.,122,26,1,53.62,178.6,24.25
66,it,Dal 900 a oggi sono state celebrate sette ostensioni solenni.,48,10,1,71.0,194.63,16.0
67,it,"La prima avvenne nel 1931, in occasione del matrimonio del futuro re Umberto II.",61,14,1,66.86,190.75,19.89
68,it,Nel 1933 ne seguì un'altra per celebrare l’Anno Santo della Redenzione.,54,11,1,67.18,193.7,11.67
69,it,Nel 1973 si tenne invece un’ostensione televisiva.,38,7,1,77.57,197.42,19.94
70,it,Nel 1978 l'evento ricordò il quattrocentesimo anniversario dell’arrivo della Sìndone a Torino.,76,12,1,50.67,192.21,28.13
71,it,L'ostensione del 1998 commemorò alcune ricorrenze della storia religiosa piemontese e il centenario della prima fotografia del Telo.,109,18,1,45.11,186.34,24.98
72,it,"Nel 2000 si celebrò il grande Giubileo e, infine, l'elenco si chiude con l'ostensione del 2010.",67,16,1,65.88,188.82,18.9
73,it,Si può vedere come la Sìndone è conservata distesa in una grande teca ad atmosfera.,68,15,1,63.67,189.7,19.33
